{
  "name": "OneMax",
  "runs": 30,
  "converged_runs": 30,
  "max_iter": 5000,
  "S1_per_run": [
    1.0,
    1.0,
    1.0,
    1.0,
    1.0,
    1.0,
    1.0,
    1.0,
    1.0,
    1.0,
    1.0,
    1.0,
    1.0,
    1.0,
    1.0,
    1.0,
    1.0,
    1.0,
    1.0,
    1.0,
    1.0,
    1.0,
    1.0,
    1.0,
    1.0,
    1.0,
    1.0,
    1.0,
    1.0,
    1.0
  ],
  "S1_mean": 1.0,
  "S1_std": 0.0,
  "S2_per_run": [
    1.0,
    1.0,
    1.0,
    1.0,
    1.0,
    1.0,
    1.0,
    1.0,
    1.0,
    1.0,
    1.0,
    1.0,
    1.0,
    1.0,
    1.0,
    1.0,
    1.0,
    1.0,
    1.0,
    1.0,
    1.0,
    1.0,
    1.0,
    1.0,
    1.0,
    1.0,
    1.0,
    1.0,
    1.0,
    1.0
  ],
  "S2_mean": 1.0,
  "S2_std": 0.0,
  "S3_per_run": [
    0.714,
    0.709,
    0.709,
    0.693,
    0.676,
    0.677,
    0.714,
    0.696,
    0.699,
    0.667,
    0.694,
    0.666,
    0.688,
    0.681,
    0.665,
    0.666,
    0.628,
    0.684,
    0.644,
    0.645,
    0.679,
    0.703,
    0.685,
    0.703,
    0.708,
    0.664,
    0.673,
    0.685,
    0.7,
    0.672
  ],
  "S3_mean": 0.6829600000000001,
  "S3_std": 0.02121982720633386
}