{
  "name": "Deceptive_Trap",
  "runs": 30,
  "converged_runs": 30,
  "max_iter": 20000,
  "S1_per_run": [
    0.8,
    0.8,
    0.8,
    0.8,
    0.8,
    0.8,
    0.8,
    0.8,
    0.8,
    0.8,
    0.8,
    0.8,
    0.8,
    0.8,
    0.8,
    0.8,
    0.8,
    0.8,
    0.8,
    0.8,
    0.8,
    0.8,
    0.8,
    0.8,
    0.8,
    0.8,
    0.8,
    0.8,
    0.8,
    0.8
  ],
  "S1_mean": 0.8000000000000003,
  "S1_std": 2.220446049250313e-16,
  "S2_per_run": [
    0.988,
    0.987,
    0.99,
    0.991,
    0.991,
    0.987,
    0.991,
    0.991,
    0.986,
    0.988,
    0.987,
    0.99,
    0.991,
    0.992,
    0.989,
    0.992,
    0.988,
    0.985,
    0.99,
    0.991,
    0.99,
    0.988,
    0.989,
    0.989,
    0.99,
    0.99,
    0.989,
    0.989,
    0.989,
    0.989
  ],
  "S2_mean": 0.9892427083333335,
  "S2_std": 0.0016661395650866783,
  "S3_per_run": [
    0.146,
    0.15,
    0.169,
    0.153,
    0.132,
    0.132,
    0.159,
    0.112,
    0.159,
    0.073,
    0.147,
    0.164,
    0.141,
    0.126,
    0.121,
    0.142,
    0.091,
    0.091,
    0.139,
    0.129,
    0.122,
    0.116,
    0.176,
    0.159,
    0.095,
    0.108,
    0.132,
    0.113,
    0.112,
    0.122
  ],
  "S3_mean": 0.13109833333333334,
  "S3_std": 0.024817032065812292
}