{
  "name": "Deceptive_Trap",
  "runs": 30,
  "converged_runs": 30,
  "max_iter": 20000,
  "S1_per_run": [
    0.0,
    0.0,
    0.0,
    0.0,
    0.0,
    0.0,
    0.0,
    0.0,
    0.0,
    0.0,
    0.0,
    0.0,
    0.0,
    0.0,
    0.0,
    0.0,
    0.0,
    0.0,
    0.0,
    0.0,
    0.0,
    0.0,
    0.0,
    0.0,
    0.0,
    0.0,
    0.0,
    0.0,
    0.0,
    0.0
  ],
  "S1_mean": 0.0,
  "S1_std": 0.0,
  "S2_per_run": [
    0.01,
    0.01,
    0.008,
    0.007,
    0.008,
    0.01,
    0.007,
    0.007,
    0.012,
    0.01,
    0.01,
    0.008,
    0.007,
    0.007,
    0.009,
    0.006,
    0.01,
    0.012,
    0.008,
    0.007,
    0.008,
    0.009,
    0.009,
    0.009,
    0.008,
    0.008,
    0.009,
    0.009,
    0.009,
    0.009
  ],
  "S2_mean": 0.008615833333333338,
  "S2_std": 0.0013196351031840405,
  "S3_per_run": [
    0.146,
    0.15,
    0.169,
    0.153,
    0.132,
    0.132,
    0.159,
    0.112,
    0.159,
    0.073,
    0.147,
    0.164,
    0.141,
    0.126,
    0.121,
    0.142,
    0.091,
    0.091,
    0.139,
    0.129,
    0.122,
    0.116,
    0.176,
    0.159,
    0.095,
    0.108,
    0.132,
    0.113,
    0.112,
    0.122
  ],
  "S3_mean": 0.13109833333333334,
  "S3_std": 0.024817032065812292
}