{
  "name": "Circle_Packing",
  "runs": 30,
  "converged_runs": 30,
  "max_iter": 50000,
  "S1_per_run": [
    0.215,
    0.0,
    0.207,
    0.089,
    0.199,
    0.3,
    0.068,
    0.202,
    0.042,
    0.199,
    0.168,
    0.24,
    0.233,
    0.106,
    0.126,
    0.302,
    0.081,
    0.252,
    0.261,
    0.202,
    0.275,
    0.176,
    0.149,
    0.142,
    0.279,
    0.274,
    0.053,
    0.308,
    0.166,
    0.029
  ],
  "S1_mean": 0.17818704438550037,
  "S1_std": 0.08694634719270806,
  "S2_per_run": [
    0.215,
    0.0,
    0.207,
    0.089,
    0.199,
    0.3,
    0.068,
    0.202,
    0.042,
    0.199,
    0.168,
    0.24,
    0.233,
    0.106,
    0.126,
    0.302,
    0.081,
    0.252,
    0.261,
    0.202,
    0.275,
    0.176,
    0.149,
    0.142,
    0.279,
    0.274,
    0.053,
    0.308,
    0.166,
    0.029
  ],
  "S2_mean": 0.17818704438550037,
  "S2_std": 0.08694634719270806,
  "S3_per_run": [
    0.583,
    0.587,
    0.573,
    0.588,
    0.602,
    0.578,
    0.571,
    0.557,
    0.573,
    0.541,
    0.568,
    0.572,
    0.569,
    0.578,
    0.575,
    0.566,
    0.553,
    0.585,
    0.567,
    0.564,
    0.589,
    0.558,
    0.552,
    0.569,
    0.569,
    0.57,
    0.585,
    0.541,
    0.561,
    0.571
  ],
  "S3_mean": 0.5705366666666668,
  "S3_std": 0.013468101656218
}