{
  "name": "Circle_Packing",
  "runs": 30,
  "converged_runs": 0,
  "max_iter": 2000,
  "S1_per_run": [
    0.108,
    0.369,
    0.053,
    0.267,
    0.345,
    0.212,
    0.116,
    0.037,
    0.409,
    0.0,
    0.218,
    0.12,
    0.143,
    0.389,
    0.048,
    0.171,
    0.156,
    0.196,
    0.232,
    0.294,
    0.246,
    0.149,
    0.295,
    0.21,
    0.364,
    0.236,
    0.355,
    0.177,
    0.467,
    0.205
  ],
  "S1_mean": 0.21958845495272278,
  "S1_std": 0.11682970994856987,
  "S2_per_run": [
    0.108,
    0.369,
    0.053,
    0.267,
    0.345,
    0.212,
    0.116,
    0.037,
    0.409,
    0.0,
    0.218,
    0.12,
    0.143,
    0.389,
    0.048,
    0.171,
    0.156,
    0.196,
    0.232,
    0.294,
    0.246,
    0.149,
    0.295,
    0.21,
    0.364,
    0.236,
    0.355,
    0.177,
    0.467,
    0.205
  ],
  "S2_mean": 0.21958845495272278,
  "S2_std": 0.11682970994856987,
  "S3_per_run": [
    0.0,
    0.0,
    0.0,
    0.0,
    0.0,
    0.0,
    0.0,
    0.0,
    0.0,
    0.0,
    0.0,
    0.0,
    0.0,
    0.0,
    0.0,
    0.0,
    0.0,
    0.0,
    0.0,
    0.0,
    0.0,
    0.0,
    0.0,
    0.0,
    0.0,
    0.0,
    0.0,
    0.0,
    0.0,
    0.0
  ],
  "S3_mean": 0.0,
  "S3_std": 0.0
}